Transect,Waypoint,Type,daylength,long,lat,on_off,speed,mode,distance_to_next,distance_cum,time_to_next,time_cum,leg,Region
1,1.1,Saildrone,14.103179024352235,-117.219416,32.59259,1,9.5,survey,69.54639511989012,69.54639511989012,0.5190796456510975,0.5190796456510975,1,S. CA Bight
1,1.2,Saildrone,14.103179024352235,-118.394659,31.99875,1,10,transit,10.175821405268868,79.72221652515898,0.07595018778687437,0.5950298334379719,1,S. CA Bight
2,2.2,Saildrone,14.085300709509477,-118.475235,32.154239,1,9.5,survey,70.00065032011786,149.72286684527685,0.5231332762676556,1.1181631097056275,1,S. CA Bight
2,2.1,Saildrone,14.085300709509477,-117.288459,32.74934,1,10,transit,11.687759048900443,161.4106258941773,0.08734569829733452,1.2055088080029621,1,S. CA Bight
3,3.1,Saildrone,14.06742239466672,-117.288901,32.944519,1,9.5,survey,73.39796198829421,234.8085878824715,0.5492193982072258,1.7547282062101879,1,S. CA Bight
3,3.2,Saildrone,14.06742239466672,-118.535384,32.320005,1,10,transit,10.75749091886485,245.56607880133635,0.08049573215154004,1.835223938361728,1,S. CA Bight
4,4.2,Saildrone,14.049544079823962,-118.698859,32.434164,1,9.5,survey,79.62186341069312,325.1879422120295,0.5965495202160308,2.4317734585777586,1,S. CA Bight
4,4.1,Saildrone,14.049544079823962,-117.343744,33.110453,1,10,transit,10.334116090885042,335.5220583029145,0.07742612056283914,2.509199579140598,1,S. CA Bight
5,5.1,Saildrone,14.031665764981206,-117.481212,33.238571,1,9.5,survey,49.07196395535171,384.59402225826625,0.36812948487758834,2.8773290640181863,1,S. CA Bight
5,5.101,Saildrone,14.031665764981206,-118.31889,32.82191,1,9.5,survey,3.57185868985987,388.1658809481261,0.02679547329204153,2.904124537310228,1,S. CA Bight
5,5.102,Saildrone,14.031665764981206,-118.346453,32.766992,1,9.5,survey,4.327876214849104,392.4937571629752,0.032466987525422104,2.9365915248356496,1,S. CA Bight
5,5.103,Saildrone,14.031665764981206,-118.431969,32.765201,1,9.5,survey,29.545470724956786,422.039227887932,0.22164507066275724,3.158236595498407,1,S. CA Bight
5,5.2,Saildrone,14.031665764981206,-118.933266,32.51311,1,10,transit,11.391459889968907,433.4306877779009,0.08545678475622988,3.243693380254637,1,S. CA Bight
6,6.2,Saildrone,14.013787450138448,-119.123441,32.61438,1,9.5,survey,33.510549714529894,466.9412374924308,0.25171113079106533,3.4954045110457024,1,S. CA Bight
6,6.104,Saildrone,14.013787450138448,-118.553528,32.899452,1,9.5,survey,10.028129717209131,476.9693672096399,0.07532528986666333,3.5707298009123654,1,S. CA Bight
6,6.103,Saildrone,14.013787450138448,-118.636341,33.051672,1,9.5,survey,3.4531257961985538,480.4224930058385,0.02593780783452986,3.596667608746895,1,S. CA Bight
6,6.102,Saildrone,14.013787450138448,-118.569992,33.065937,1,9.5,survey,9.188608533122624,489.6111015389611,0.0690193107535292,3.6656869195004247,1,S. CA Bight
6,6.101,Saildrone,14.013787450138448,-118.448931,32.951308,1,9.5,survey,48.40039090979606,538.0114924487572,0.36355467846449424,4.029241597964919,1,S. CA Bight
6,6.1,Saildrone,14.013787450138448,-117.622745,33.363992,1,10,transit,10.1088777874658,548.1203702362229,0.07593182089186731,4.105173418856786,1,S. CA Bight
7,7.1,Saildrone,13.99590913529569,-117.755382,33.49097,1,9.5,survey,89.35661649422919,637.4769867304522,0.6720506356568865,4.777224054513673,1,S. CA Bight
7,7.2,Saildrone,13.99590913529569,-119.281771,32.731712,1,10,transit,12.191710015238106,649.6686967456902,0.09169378594381253,4.8689178404574855,1,S. CA Bight
8,8.2,Saildrone,13.978030820452933,-119.498935,32.819997,1,9.5,survey,59.09917064543397,708.7678673911242,0.4450530558278404,5.313970896285325,1,S. CA Bight
8,8.105,Saildrone,13.978030820452933,-118.489135,33.321094,1,9.5,survey,2.9314909058648144,711.6993582969891,0.02207592714987548,5.336046823435201,1,S. CA Bight
8,8.104,Saildrone,13.978030820452933,-118.437162,33.298917,1,9.5,survey,6.848195081776912,718.547553378766,0.05157111537715762,5.387617938812359,1,S. CA Bight
8,8.103,Saildrone,13.978030820452933,-118.302545,33.281744,1,9.5,survey,2.9513492551513343,721.4989026339173,0.02222547271772593,5.409843411530084,1,S. CA Bight
8,8.102,Saildrone,13.978030820452933,-118.275281,33.325386,1,9.5,survey,5.248794653970487,726.7476972878877,0.039526647745654564,5.449370059275739,1,S. CA Bight
8,8.101,Saildrone,13.978030820452933,-118.333217,33.398311,1,9.5,survey,22.827292925417087,749.5749902133049,0.17190353708489872,5.621273596360638,1,S. CA Bight
8,8.1,Saildrone,13.978030820452933,-117.941695,33.592427,1,10,transit,14.893238160571745,764.4682283738766,0.11215523131958476,5.733428827680223,1,S. CA Bight
9,9.1,Saildrone,13.960152505610175,-118.232459,33.644037,1,9.5,survey,17.909706522338364,782.3779348962149,0.13504381594339188,5.8684726436236145,1,S. CA Bight
9,9.101,Saildrone,13.960152505610175,-118.540325,33.492351,1,9.5,survey,4.446558048629805,786.8244929448448,0.03352819689992162,5.902000840523536,1,S. CA Bight
9,9.102,Saildrone,13.960152505610175,-118.62834,33.483759,1,9.5,survey,1.8842228082688637,788.7087157531137,0.014207526951869841,5.916208367475406,1,S. CA Bight
9,9.103,Saildrone,13.960152505610175,-118.620649,33.452964,1,9.5,survey,64.36474238556289,853.0734581386765,0.4853267926595214,6.4015351601349275,1,S. CA Bight
9,9.2,Saildrone,13.960152505610175,-119.721,32.906117,1,10,transit,11.402708624214704,864.4761667628912,0.08597937005745679,6.487514530192384,1,S. CA Bight
10,10.2,Saildrone,13.942274190767417,-119.91183,33.007977,1,9.5,survey,23.94857250579606,888.4247392686873,0.1808099836897848,6.668324513882169,1,S. CA Bight
10,10.103,Saildrone,13.942274190767417,-119.502226,33.210705,1,9.5,survey,4.309680161117679,892.7344194298049,0.03253777232239149,6.70086228620456,1,S. CA Bight
10,10.102,Saildrone,13.942274190767417,-119.416989,33.204017,1,9.5,survey,3.4896864876986826,896.2241059175036,0.026346879621762555,6.727209165826323,1,S. CA Bight
10,10.101,Saildrone,13.942274190767417,-119.401647,33.260845,1,9.5,survey,57.11474823128374,953.3388541487874,0.43121220246614894,7.158421368292472,1,S. CA Bight
10,10.1,Saildrone,13.942274190767417,-118.421528,33.745939,1,10,transit,10.289635299098638,963.6284894478861,0.07768599945377061,7.236107367746243,1,S. CA Bight
11,11.1,Saildrone,13.92439587592466,-118.490628,33.907775,1,9.5,survey,95.45308656468617,1059.0815760125722,0.7215891742902145,7.957696542036457,1,S. CA Bight
11,11.2,Saildrone,13.92439587592466,-120.128743,33.097169,1,10,transit,17.677962773115027,1076.7595387856873,0.13363870168766778,8.091335243724124,1,S. CA Bight
12,12.2,Saildrone,13.906517561081902,-120.47835,33.121126,1,9.5,survey,105.36148732904174,1182.121026114729,0.7975169073082018,8.888852151032326,1,S. CA Bight
12,12.1,Saildrone,13.906517561081902,-118.668602,34.015574,1,10,transit,16.46951164090217,1198.5905377556312,0.12466333118200285,9.013515482214329,1,S. CA Bight
13,13.1,Saildrone,13.888639246239146,-118.996645,34.047523,1,9.5,survey,91.20305955149641,1289.7935973071276,0.6912356126358375,9.704751094850167,1,S. CA Bight
13,13.2,Saildrone,13.888639246239146,-120.565884,33.274727,1,10,transit,10.200394023893383,1299.9939913310209,0.07730963902863051,9.782060733878797,1,S. CA Bight
14,14.2,Saildrone,13.870760931396388,-120.65345,33.428385,1,9.5,survey,66.68288830188966,1366.6768796329106,0.5060465993838071,10.288107333262605,1,S. CA Bight
14,14.103,Saildrone,13.870760931396388,-119.505104,33.992901,1,9.5,survey,2.4040564674922678,1369.0809361004028,0.018244029781574942,10.306351363044179,1,S. CA Bight
14,14.102,Saildrone,13.870760931396388,-119.479764,34.027045,1,9.5,survey,2.7236562503628985,1371.8045923507657,0.02066942537261899,10.327020788416798,1,S. CA Bight
14,14.101,Saildrone,13.870760931396388,-119.42558,34.032774,1,9.5,survey,8.971248676829681,1380.7758410275953,0.06808148238245236,10.395102270799251,1,S. CA Bight
14,14.1,Saildrone,13.870760931396388,-119.270635,34.108996,1,10,transit,10.26300586422416,1391.0388468918195,0.07788443706178713,10.472986707861038,1,S. CA Bight
15,15.1,Saildrone,13.85288261655363,-119.415701,34.230741,1,9.5,survey,19.05490329664777,1410.0937501884673,0.14479147408548393,10.617778181946521,1,S. CA Bight
15,15.101,Saildrone,13.85288261655363,-119.744905,34.068561,1,9.5,survey,11.164915630061937,1421.2586658185294,0.08483824698292354,10.702616428929446,1,S. CA Bight
15,15.102,Saildrone,13.85288261655363,-119.966788,34.094322,1,9.5,survey,11.635311458912133,1432.8939772774415,0.08841261859754439,10.79102904752699,1,S. CA Bight
15,15.103,Saildrone,13.85288261655363,-119.921178,33.903805,1,9.5,survey,10.216593431527343,1443.1105707089687,0.07763228183599115,10.86866132936298,1,S. CA Bight
15,15.104,Saildrone,13.85288261655363,-120.124097,33.882294,1,9.5,survey,35.60283598543573,1478.7134066944045,0.27053336475666306,11.139194694119643,1,S. CA Bight
15,15.2,Saildrone,13.85288261655363,-120.738936,33.583137,1,10,transit,10.270879808926452,1488.984286503331,0.07804478482716407,11.217239478946809,1,S. CA Bight
16,16.2,Saildrone,13.835004301710873,-120.816171,33.742007,1,9.5,survey,29.84169191197932,1518.8259784153104,0.22704949410014408,11.444288973046952,1,S. CA Bight
16,16.103,Saildrone,13.835004301710873,-120.303112,33.997151,1,9.5,survey,4.455370412899877,1523.2813488282102,0.03389853367769626,11.478187506724648,1,S. CA Bight
16,16.102,Saildrone,13.835004301710873,-120.249139,34.056431,1,9.5,survey,5.209130409616496,1528.4904792378265,0.03963349087892431,11.517820997603573,1,S. CA Bight
16,16.101,Saildrone,13.835004301710873,-120.146677,34.073544,1,9.5,survey,33.4063673239986,1561.8968465618252,0.2541712052724687,11.771992202876042,1,S. CA Bight
16,16.1,Saildrone,13.835004301710873,-119.569401,34.358325,1,10,transit,15.769880986482656,1577.666727548308,0.11998460109304439,11.891976803969087,1,S. CA Bight
17,17.1,Saildrone,13.817125986868115,-119.883568,34.39662,1,9.5,survey,58.651037195429076,1636.317764743737,0.4468218206058298,12.338798624574915,1,S. CA Bight
17,17.2,Saildrone,13.817125986868115,-120.897806,33.898779,1,10,transit,14.56468260880039,1650.8824473525374,0.11095827646024031,12.449756901035157,1,S. CA Bight
18,18.2,Saildrone,13.799247672025357,-121.181037,33.957037,1,9.5,survey,59.2210101630129,1710.1034575155502,0.4517485801861899,12.901505481221346,1,S. CA Bight
18,18.1,Saildrone,13.799247672025357,-120.155459,34.458645,1,10,transit,17.585425003339502,1727.6888825188898,0.1341448035986217,13.035650284819967,1,S. CA Bight
19,19.1,Saildrone,13.7813693571826,-120.508776,34.482558,1,9.5,survey,36.25908379594909,1763.9479663148388,0.27694966761356443,13.312599952433532,1,S. CA Bight
19,19.2,Saildrone,13.7813693571826,-121.137447,34.175231,1,10,transit,10.444080136809065,1774.392046451648,0.07977268644448907,13.39237263887802,1,S. CA Bight
20,20.2,Saildrone,13.763491042339842,-121.282343,34.301422,1,9.5,survey,34.72715467343316,1809.1192011250812,0.26559322445005906,13.65796586332808,1,S. CA Bight
20,20.1,Saildrone,13.763491042339842,-120.6787,34.594802,1,10,transit,11.798854139940817,1820.9180552650218,0.09023761794801284,13.748203481276093,1,S. CA Bight
21,21.1,Saildrone,13.745612727497086,-120.674639,34.791749,1,9.5,survey,37.788004238289204,1858.706059503311,0.2893784901057889,14.037581971381883,1,Central CA
21,21.2,Saildrone,13.745612727497086,-121.333543,34.473374,1,10,transit,12.12347023778542,1870.8295297410966,0.09284087855314707,14.130422849935028,1,Central CA
22,22.2,Saildrone,13.727734412654328,-121.5522,34.563986,1,9.5,survey,48.98214930790784,1919.8116790490044,0.37559116177750523,14.506014011712534,1,Central CA
22,22.1,Saildrone,13.727734412654328,-120.69801,34.978543,1,10,transit,10.308464005946124,1930.1201430549504,0.07904446878793515,14.58505848050047,1,Central CA
23,23.1,Saildrone,13.70985609781157,-120.778813,35.137283,1,9.5,survey,53.61133160189466,1983.7314746568452,0.4116234352203114,14.996681915720782,1,Central CA
23,23.2,Saildrone,13.70985609781157,-121.714382,34.682275,1,10,transit,10.266780939945308,1993.9982555967904,0.07882750741086524,15.075509423131646,1,Central CA
24,24.2,Saildrone,13.691977782968813,-121.795177,34.84017,1,9.5,survey,50.22507492198593,2044.2233305187765,0.38612756137862003,15.461636984510266,1,Central CA
24,24.1,Saildrone,13.691977782968813,-120.916006,35.264788,1,10,transit,10.588300162051546,2054.811630680828,0.08140225827573842,15.543039242786005,1,Central CA
25,25.1,Saildrone,13.674099468126055,-120.982279,35.432988,1,9.5,survey,45.370658561583454,2100.1822892424116,0.3492631311545266,15.892302373940531,1,Central CA
25,25.2,Saildrone,13.674099468126055,-121.776121,35.046402,1,10,transit,10.301557717506846,2110.483846959918,0.0793013462500631,15.971603720190595,1,Central CA
26,26.2,Saildrone,13.656221153283298,-121.852301,35.206575,1,9.5,survey,41.11074409968276,2151.594591059601,0.3168846417147105,16.288488361905305,2,Central CA
26,26.1,Saildrone,13.656221153283298,-121.130178,35.554683,1,10,transit,11.088310075602948,2162.682901135204,0.08546951028201331,16.37395787218732,2,Central CA
27,27.1,Saildrone,13.63834283844054,-121.312612,35.664508,1,9.5,survey,34.609269516087075,2197.292170651291,0.26712050319083636,16.641078375378154,2,Central CA
27,27.2,Saildrone,13.63834283844054,-121.920857,35.370479,1,10,transit,10.372401051758176,2207.664571703049,0.08005603778938289,16.721134413167537,2,Central CA
28,28.2,Saildrone,13.620464523597782,-122.061756,35.499631,1,9.5,survey,37.282159226646705,2244.946730929696,0.28812804486455285,17.00926245803209,2,Central CA
28,28.1,Saildrone,13.620464523597782,-121.40499,35.815805,1,10,transit,10.17991914054143,2255.1266500702372,0.07867356021448056,17.08793601824657,2,Central CA
29,29.1,Saildrone,13.602586208755026,-121.499915,35.967148,1,9.5,survey,37.113991012666766,2292.240641082904,0.2872053766919481,17.37514139493852,2,Central CA
29,29.2,Saildrone,13.602586208755026,-122.15466,35.651993,1,10,transit,10.175780503082201,2302.4164215859864,0.07874493668775372,17.453886331626272,2,Central CA
30,30.2,Saildrone,13.584707893912269,-122.263884,35.796618,1,9.5,survey,35.555752939301925,2337.972174525288,0.27550911399377365,17.729395445620046,2,Central CA
30,30.1,Saildrone,13.584707893912269,-121.635173,36.098026,1,10,transit,10.536995861445806,2348.5091703867342,0.08164750157024772,17.811042947190295,2,Central CA
31,31.1,Saildrone,13.56682957906951,-121.792082,36.219428,1,9.5,survey,34.62153139813465,2383.1307017848685,0.2686236828493712,18.079666630039664,2,Central CA
31,31.2,Saildrone,13.56682957906951,-122.40526,35.925968,1,10,transit,10.32297418032917,2393.453675965198,0.0800945316482562,18.15976116168792,2,Central CA
32,32.2,Saildrone,13.548951264226753,-122.541738,36.057823,1,9.5,survey,35.20941069386635,2428.663086659064,0.27354543425325456,18.433306595941175,2,Central CA
32,32.1,Saildrone,13.548951264226753,-121.917713,36.357127,1,10,transit,10.970572779694447,2439.6336594387585,0.08523147749107972,18.518538073432257,2,Central CA
33,33.1,Saildrone,13.531072949383995,-121.948329,36.538543,1,9.5,survey,32.54238423995959,2472.176043678718,0.2531590911774671,18.771697164609723,2,Central CA
33,33.2,Saildrone,13.531072949383995,-122.526656,36.262123,1,10,transit,13.439810509992283,2485.6158541887107,0.10455319405051812,18.87625035866024,2,Central CA
34,34.2,Saildrone,13.513194634541238,-122.476979,36.482804,1,9.5,survey,37.40858894146277,2523.0244431301735,0.2914000953038286,19.167650453964068,2,Central CA
34,34.1,Saildrone,13.513194634541238,-121.810815,36.801519,1,10,transit,11.283485020515982,2534.3079281506893,0.0878944836834872,19.255544937647556,2,Central CA
35,35.1,Saildrone,13.49531631969848,-122.010211,36.900413,1,9.5,survey,33.4967730052724,2567.8047011559615,0.2612740614809781,19.516818999128535,2,Central CA
35,35.2,Saildrone,13.49531631969848,-122.609031,36.61696,1,10,transit,12.062148510744512,2579.866849666706,0.0940844818422628,19.610903480970798,2,Central CA
36,36.2,Saildrone,13.477438004855724,-122.831721,36.708263,1,9.5,survey,34.20087735971942,2614.0677270264255,0.2671199342454861,19.878023415216283,2,Central CA
36,36.1,Saildrone,13.477438004855724,-122.220108,36.998416,1,10,transit,10.43615294887281,2624.5038799752983,0.08150973614384524,19.95953315136013,2,Central CA
37,37.1,Saildrone,13.459559690012966,-122.371108,37.123661,1,9.5,survey,34.211022562614104,2658.7149025379126,0.26755409186386125,20.22708724322399,2,Central CA
37,37.2,Saildrone,13.459559690012966,-122.983813,36.833306,1,10,transit,10.18113940099769,2668.89604193891,0.07962362135150307,20.306710864575493,2,Central CA
38,38.2,Saildrone,13.441681375170209,-123.088111,36.981133,1,9.5,survey,34.78502517101442,2703.6810671099247,0.27240502841502,20.57911589299051,2,Central CA
38,38.1,Saildrone,13.441681375170209,-122.463759,37.276165,1,10,transit,10.799792607566534,2714.480859717491,0.08457426141499301,20.663690154405508,2,Central CA
39,39.1,Saildrone,13.423803060327451,-122.508813,37.452757,1,9.5,survey,37.80016397636358,2752.281023693855,0.2964111296336198,20.960101284039126,2,Central CA
39,39.2,Saildrone,13.423803060327451,-123.187998,37.131148,1,10,transit,10.383120698116059,2762.6641443919707,0.08141955514201651,21.041520839181143,2,Central CA
40,40.2,Saildrone,13.405924745484693,-123.332391,37.260295,1,9.5,survey,39.90106472156949,2802.5652091135403,0.31330267442903115,21.354823513610175,2,Central CA
40,40.1,Saildrone,13.405924745484693,-122.614056,37.599654,1,10,transit,10.387844881400802,2812.953053994941,0.08156523154474804,21.43638874515492,2,Central CA
41,41.1,Saildrone,13.388046430641936,-122.737774,37.74239,1,9.5,survey,37.37649751915409,2850.3295515140953,0.2938717146144757,21.730260459769397,2,Central CA
41,41.2,Saildrone,13.388046430641936,-123.409564,37.42123,1,10,transit,10.959377956263333,2861.2889294703587,0.08616781680693136,21.816428276576328,2,Central CA
42,42.2,Saildrone,13.370168115799178,-123.444734,37.601946,1,9.5,survey,17.374523777850552,2878.663453248209,0.13678939740575008,21.953217673982078,2,Central CA
42,42.103,Saildrone,13.370168115799178,-123.129959,37.748417,1,9.5,survey,2.751246723195914,2881.414699971405,0.021660529300968942,21.974878203283048,2,Central CA
42,42.102,Saildrone,13.370168115799178,-123.072258,37.745553,1,9.5,survey,1.6409477873742275,2883.0556477587793,0.012919160368318798,21.987797363651367,2,Central CA
42,42.101,Saildrone,13.370168115799178,-123.078652,37.772459,1,9.5,survey,15.601731209949708,2898.657378968729,0.12283222481275546,22.11062958846412,2,Central CA
42,42.1,Saildrone,13.370168115799178,-122.7962,37.905097,1,10,transit,12.833460988488577,2911.4908399572173,0.10103766973362933,22.21166725819775,2,Central CA
43,43.1,Saildrone,13.35228980095642,-123.045427,37.98817,1,9.5,survey,26.130877264448387,2937.6217172216657,0.2060035170311083,22.41767077522886,2,Central CA
43,43.2,Saildrone,13.35228980095642,-123.51787,37.76486,1,10,transit,10.181639597919034,2947.803356819585,0.08026724648728692,22.49793802171615,2,Central CA
44,44.2,Saildrone,13.334411486113664,-123.622258,37.913212,1,9.5,survey,34.444854982884635,2982.2482118024695,0.27191107852795354,22.7698491002441,2,Central CA
44,44.1,Saildrone,13.334411486113664,-122.996552,38.2057,1,10,transit,10.133002574425028,2992.3812143768946,0.07999092056295529,22.849840020807054,2,Central CA
45,45.1,Saildrone,13.316533171270907,-123.10012,38.353746,1,9.5,survey,35.57439701035645,3027.955611387251,0.2812048242098,23.131044845016856,2,Central CA
45,45.2,Saildrone,13.316533171270907,-123.747726,38.051829,1,10,transit,10.311535260846338,3038.2671466480974,0.08150956035924652,23.212554405376103,2,Central CA
46,46.2,Saildrone,13.298654856428149,-123.886662,38.184314,1,9.5,survey,35.90682943816891,3074.1739760862665,0.28421417785892744,23.496768583235028,2,Central CA
46,46.1,Saildrone,13.298654856428149,-123.232342,38.489767,1,10,transit,10.392939552326608,3084.566915638593,0.08226348069768948,23.57903206393272,2,Central CA
47,47.1,Saildrone,13.280776541585391,-123.385237,38.614866,1,9.5,survey,35.4884286318838,3120.055344270477,0.2812805452163827,23.8603126091491,2,Central CA
47,47.2,Saildrone,13.280776541585391,-124.033352,38.313359,1,10,transit,10.431756263342516,3130.487100533819,0.0826818825864041,23.942994491735504,2,Central CA
48,48.2,Saildrone,13.262898226742633,-124.184012,38.440741,1,9.5,survey,35.27332302571306,3165.7604235595322,0.27995248909028225,24.22294698082579,2,Central CA
48,48.1,Saildrone,13.262898226742633,-123.538961,38.740766,1,10,transit,10.458184678233108,3176.2186082377652,0.08300309074659475,24.305950071572383,2,Central CA
49,49.1,Saildrone,13.245019911899876,-123.695712,38.864847,1,9.5,survey,32.12032865707208,3208.3389368948374,0.2552723400606223,24.561222411633004,2,Central CA
49,49.2,Saildrone,13.245019911899876,-124.284253,38.591681,1,10,transit,10.34736547817988,3218.6863023730175,0.08223440760142751,24.643456819234434,2,Central CA
50,50.2,Saildrone,13.227141597057118,-124.361623,38.753303,1,9.5,survey,34.75054243007205,3253.4368448030896,0.2765489284214117,24.920005747655843,2,Central CA
50,50.1,Saildrone,13.227141597057118,-123.722427,39.047604,1,10,transit,10.507786642675986,3263.9446314457655,0.08362220940753362,25.00362795706338,2,Central CA
51,51.1,Saildrone,13.20926328221436,-123.792688,39.214134,1,9.5,survey,34.21536458335733,3298.159996029123,0.27265845548050616,25.276286412543882,2,Central CA
51,51.2,Saildrone,13.20926328221436,-124.422268,38.922712,1,10,transit,10.627617153156837,3308.7876131822795,0.08469030547251134,25.360976718016396,2,Central CA
52,52.2,Saildrone,13.191384967371604,-124.47735,39.094718,1,9.5,survey,34.61722495976164,3343.404838142041,0.27623471120205423,25.63721142921845,2,Central CA
52,52.1,Saildrone,13.191384967371604,-123.838576,39.389249,1,10,transit,12.727088419199259,3356.1319265612406,0.1015582155417441,25.738769644760193,2,Central CA
53,53.1,Saildrone,13.173506652528847,-123.807443,39.600174,1,9.5,survey,37.552815113877806,3393.6847416751184,0.3000664903422019,26.038836135102397,2,Central CA
53,53.2,Saildrone,13.173506652528847,-124.502297,39.28061,1,10,transit,11.327046310317659,3405.011787985436,0.09050898107035767,26.129345116172754,2,Central CA
54,54.2,Saildrone,13.155628337686089,-124.521854,39.468949,1,9.5,survey,35.49500497142382,3440.50679295686,0.2840089592739761,26.41335407544673,2,Central CA
54,54.1,Saildrone,13.155628337686089,-123.863202,39.770755,1,10,transit,10.225052399783102,3450.7318453566427,0.0818145114480817,26.49516858689481,2,Central CA
55,55.1,Saildrone,13.137750022843331,-123.990699,39.910141,1,9.5,survey,37.726400429312775,3488.4582457859556,0.3022739843798119,26.797442571274622,2,Central CA
55,55.2,Saildrone,13.137750022843331,-124.691405,39.588509,1,10,transit,11.006896729447531,3499.465142515403,0.0881901928677544,26.88563276414238,2,Central CA
56,56.2,Saildrone,13.119871708000574,-124.880912,39.699164,1,9.5,survey,40.78470876402096,3540.249851279424,0.3272232636009712,27.21285602774335,2,Central CA
56,56.1,Saildrone,13.119871708000574,-124.121139,40.045679,1,10,transit,10.418698111340769,3550.668549390765,0.08359114241055289,27.2964471701539,2,Central CA
57,57.1,Saildrone,13.101993393157816,-124.273225,40.17437,1,9.5,survey,40.2859852662616,3590.9545346570267,0.3236629649227344,27.620110135076636,2,Central CA
57,57.2,Saildrone,13.101993393157816,-125.024364,39.831104,1,10,transit,10.26062331365309,3601.2151579706797,0.08243521268508042,27.702545347761717,2,Central CA
58,58.2,Saildrone,13.084115078315058,-125.159126,39.967181,1,9.5,survey,41.8344324977668,3643.0495904684462,0.3365626522765363,28.03910800003825,2,Central CA
58,58.1,Saildrone,13.084115078315058,-124.377053,40.323068,1,10,transit,10.196267404698743,3653.2458578731453,0.08203010286393617,28.12113810290219,2,Central CA
59,59.1,Saildrone,13.0662367634723,-124.50525,40.462034,1,9.5,survey,38.736130677400354,3691.9819885505453,0.31206287728730675,28.433200980189497,2,Central CA
59,59.2,Saildrone,13.0662367634723,-125.230734,40.132143,1,10,transit,22.877978000246816,3714.8599665507923,0.18430771262959458,28.61750869281909,2,Central CA
60,60.2,Saildrone,13.048358448629545,-125.222084,40.513657,1,9.5,survey,36.25108211584777,3751.11104866664,0.2924431755640753,28.909951868383164,2,Central CA
60,60.1,Saildrone,13.048358448629545,-124.42991,40.513596,1,10,transit,10.163800607175663,3761.2748492738156,0.08199297653691616,28.99194484492008,2,Central CA
61,61.1,Saildrone,13.030480133786787,-124.39358,40.680828,1,9.5,survey,32.49451602681905,3793.769365300635,0.2624980304735775,29.25444287539366,2,Central CA
61,61.2,Saildrone,13.030480133786787,-125.105422,40.67911,1,10,transit,10.62292618309749,3804.392291483732,0.0858143939927534,29.340257269386413,2,Central CA
62,62.2,Saildrone,13.01260181894403,-125.022093,40.844554,1,9.5,survey,36.14191567716501,3840.534207160897,0.29236368172006455,29.632620951106478,2,Central CA
62,62.1,Saildrone,13.01260181894403,-124.228383,40.845955,1,10,transit,10.001355203455406,3850.5355623643527,0.08090420705950002,29.71352515816598,2,Central CA
63,63.1,Saildrone,12.994723504101271,-124.206689,41.011932,1,9.5,survey,35.330156175140495,3885.865718539493,0.2861902992192009,29.99971545738518,2,Central CA
63,63.2,Saildrone,12.994723504101271,-124.98451,41.009945,1,10,transit,9.91670461677662,3895.78242315627,0.08032980798258377,30.08004526536776,3,Central CA
64,64.2,Saildrone,12.976845189258514,-124.980626,41.175293,1,9.5,survey,35.99605365342564,3931.7784768096953,0.2919860893805165,30.372031354748277,3,Central CA
64,64.1,Saildrone,12.976845189258514,-124.186155,41.177242,1,10,transit,9.989157601800052,3941.7676344114957,0.08102818971317104,30.45305954446145,3,Central CA
65,65.1,Saildrone,12.958966874415756,-124.196874,41.343623,1,9.5,survey,36.649889296598666,3978.417523708094,0.297699895465349,30.7507594399268,3,Central CA
65,65.2,Saildrone,12.958966874415756,-125.007819,41.340589,1,10,transit,10.043925856295484,3988.4614495643896,0.08158484881858508,30.832344288745382,3,Central CA
66,66.2,Saildrone,12.941088559572998,-125.043694,41.505884,1,9.5,survey,39.32799775662915,4027.789447321019,0.3198949778052138,31.1522392665506,3,Central CA
66,66.1,Saildrone,12.941088559572998,-124.171281,41.507913,1,10,transit,10.005996484741617,4037.7954438057604,0.08138904103924098,31.23362830758984,3,Central CA
67,67.1,Saildrone,12.923210244730242,-124.194622,41.673839,1,9.5,survey,40.151842482364636,4077.947286288125,0.3270479745316544,31.56067628212149,3,Central CA
67,67.2,Saildrone,12.923210244730242,-125.087587,41.671177,1,10,transit,10.047177915389884,4087.994464203515,0.08183707107415203,31.642513353195646,3,Central CA
68,68.2,Saildrone,12.905331929887485,-125.123657,41.836516,1,9.5,survey,32.888282817306894,4120.882747020822,0.2682553634337338,31.910768716629377,3,Central CA
68,68.1,Saildrone,12.905331929887485,-124.390356,41.839429,1,10,transit,9.862281644679612,4130.745028665501,0.08044232535871906,31.991211041988098,3,Central CA
69,69.1,Saildrone,12.887453615044727,-124.365481,42.002819,1,9.5,survey,35.072228641423294,4165.817257306925,0.28646570932310894,32.277676751311205,3,WA/OR
69,69.2,Saildrone,12.887453615044727,-125.149497,42.001913,1,10,transit,10.092707320017864,4175.909964626942,0.08243600915639218,32.3601127604676,3,WA/OR
70,70.2,Saildrone,12.86957530020197,-125.191306,42.167286,1,9.5,survey,35.67652571155753,4211.5864903385,0.2918063472578138,32.65191910772541,3,WA/OR
70,70.1,Saildrone,12.86957530020197,-124.391704,42.169313,1,10,transit,10.39963821656915,4221.98612855507,0.08506098562721631,32.73698009335263,3,WA/OR
71,71.1,Saildrone,12.851696985359212,-124.459531,42.335222,1,9.5,survey,35.318497712216306,4257.304626267285,0.28927982082998155,33.02625991418261,3,WA/OR
71,71.2,Saildrone,12.851696985359212,-125.253179,42.332613,1,10,transit,10.133751095180587,4267.438377362466,0.08300154001554538,33.109261454198155,3,WA/OR
72,72.2,Saildrone,12.833818670516454,-125.299659,42.49802,1,9.5,survey,34.69093964091918,4302.129317003385,0.28453556581159895,33.39379702000976,3,WA/OR
72,72.1,Saildrone,12.833818670516454,-124.518062,42.500817,1,10,transit,10.136586407505966,4312.265903410891,0.0831404216406936,33.47693744165045,3,WA/OR
73,73.1,Saildrone,12.815940355673696,-124.476812,42.667042,1,9.5,survey,37.56477613189902,4349.830679542791,0.30853662326088976,33.78547406491134,3,WA/OR
73,73.2,Saildrone,12.815940355673696,-125.325401,42.663537,1,10,transit,9.945905224746161,4359.776584767536,0.08169025159476945,33.867164316506106,3,WA/OR
74,74.2,Saildrone,12.798062040830938,-125.336396,42.829152,1,9.5,survey,31.611252962285707,4391.387837729822,0.26000032670598805,34.1271646432121,3,WA/OR
74,74.1,Saildrone,12.798062040830938,-124.620398,42.832247,1,10,transit,11.298715631057652,4402.68655336088,0.09293113939323681,34.220095782605334,3,WA/OR
75,75.1,Saildrone,12.78018372598818,-124.498012,42.99774,1,9.5,survey,35.38177207454148,4438.068325435422,0.29141968068147434,34.511515463286806,3,WA/OR
75,75.2,Saildrone,12.78018372598818,-125.301568,42.995006,1,10,transit,10.151815038462777,4448.220140473884,0.0836147689441174,34.59513023223092,3,WA/OR
76,76.2,Saildrone,12.762305411145425,-125.256362,43.160966,1,9.5,survey,34.44845724414876,4482.668597718033,0.2841299653395047,34.87926019757043,3,WA/OR
76,76.1,Saildrone,12.762305411145425,-124.471889,43.163208,1,10,transit,10.206775539421955,4492.875373257455,0.08418521502110668,34.96344541259153,3,WA/OR
77,77.1,Saildrone,12.744427096302667,-124.419742,43.32903,1,9.5,survey,36.80458401471362,4529.679957272168,0.3039890855129028,35.267434498104436,3,WA/OR
77,77.2,Saildrone,12.744427096302667,-125.260147,43.326767,1,10,transit,9.965630576829763,4539.645587848998,0.08231156543975068,35.34974606354419,3,WA/OR
78,78.2,Saildrone,12.72654878145991,-125.274254,43.492571,1,9.5,survey,43.10469362270076,4582.750281471699,0.356525264525809,35.706271328069995,3,WA/OR
78,78.1,Saildrone,12.72654878145991,-124.287295,43.496452,1,10,transit,10.177329305541479,4592.92761077724,0.08417818844937887,35.790449516519374,3,WA/OR
79,79.1,Saildrone,12.708670466617152,-124.241715,43.662831,1,9.5,survey,45.67325271780737,4638.600863495048,0.3783016347012508,36.168751151220626,3,WA/OR
79,79.2,Saildrone,12.708670466617152,-125.290363,43.658415,1,10,transit,9.977012428814634,4648.577875923863,0.08263742752404664,36.251388578744674,3,WA/OR
80,80.2,Saildrone,12.690792151774394,-125.306415,43.82431,1,9.5,survey,47.80423719117304,4696.382113115035,0.39650991894846643,36.64789849769314,3,WA/OR
80,80.1,Saildrone,12.690792151774394,-124.205802,43.82992,1,10,transit,9.972485854419668,4706.354598969455,0.08271629860000787,36.730614796293146,3,WA/OR
81,81.1,Saildrone,12.672913836931636,-124.178106,43.994932,1,9.5,survey,47.71787751930289,4754.072476488758,0.3963519787436861,37.126966775036834,3,WA/OR
81,81.2,Saildrone,12.672913836931636,-125.279791,43.990482,1,10,transit,10.056603688874251,4764.129080177632,0.08353168620951257,37.210498461246345,3,WA/OR
82,82.2,Saildrone,12.65503552208888,-125.250195,44.156738,1,9.5,survey,47.15711546600002,4811.286195643633,0.39224756678822337,37.602746028034574,3,WA/OR
82,82.1,Saildrone,12.65503552208888,-124.158405,44.160885,1,10,transit,10.135960578316013,4821.422156221948,0.08430977668200125,37.68705580471657,3,WA/OR
83,83.1,Saildrone,12.637157207246123,-124.138481,44.329214,1,9.5,survey,48.26871465013209,4869.69087087208,0.4020617333682818,38.08911753808486,3,WA/OR
83,83.2,Saildrone,12.637157207246123,-125.259158,44.322853,1,10,transit,9.974018308522483,4879.664889180603,0.08308013003533654,38.17219766812019,3,WA/OR
84,84.2,Saildrone,12.619278892403365,-125.258212,44.489085,1,9.5,survey,48.71366878387742,4928.37855796448,0.40634291805025724,38.57854058617045,3,WA/OR
84,84.1,Saildrone,12.619278892403365,-124.123995,44.494688,1,10,transit,10.017193029848103,4938.395750994328,0.08355797352237912,38.66209855969283,3,WA/OR
85,85.1,Saildrone,12.601400577560607,-124.110669,44.661364,1,9.5,survey,49.2381002272572,4987.633851221585,0.4113001476905653,39.07339870738339,3,WA/OR
85,85.2,Saildrone,12.601400577560607,-125.260369,44.655366,1,10,transit,10.202658259095637,4997.836509480681,0.08522576682354177,39.15862447420693,3,WA/OR
86,86.2,Saildrone,12.58352226271785,-125.31169,44.821419,1,9.5,survey,51.98355927244037,5049.820068753122,0.43485071138130155,39.59347518558823,3,WA/OR
86,86.1,Saildrone,12.58352226271785,-124.0944,44.827508,1,10,transit,10.242344311649763,5060.062413064771,0.08567883331710231,39.679154018905336,3,WA/OR
87,87.1,Saildrone,NA,-124.054291,44.995802,1,9.5,survey,53.705555421153285,5113.767968485925,NA,NA,NA,WA/OR
87,87.2,Saildrone,NA,-125.315541,44.987819,1,10,transit,10.033921682205312,5123.80189016813,NA,NA,NA,WA/OR
88,88.2,Saildrone,NA,-125.295715,45.15444,1,9.5,survey,54.56391859121246,5178.365808759342,NA,NA,NA,WA/OR
88,88.1,Saildrone,NA,-124.010575,45.161629,1,10,transit,10.06648810148123,5188.432296860824,NA,NA,NA,WA/OR
89,89.1,Saildrone,NA,-124.008981,45.329375,1,9.5,survey,54.935050502934864,5243.367347363758,NA,NA,NA,WA/OR
89,89.2,Saildrone,NA,-125.306647,45.320941,1,10,transit,10.027458896272655,5253.394806260031,NA,NA,NA,WA/OR
90,90.2,Saildrone,NA,-125.326355,45.487458,1,9.5,survey,55.363703955277494,5308.758510215309,NA,NA,NA,WA/OR
90,90.1,Saildrone,NA,-124.014714,45.495951,1,10,transit,10.066722259345866,5318.8252324746545,NA,NA,NA,WA/OR
91,91.1,Saildrone,NA,-123.98446,45.662344,1,9.5,survey,53.63458961472354,5372.459822089378,NA,NA,NA,WA/OR
91,91.2,Saildrone,NA,-125.258909,45.654641,1,10,transit,10.035957319997557,5382.495779409375,NA,NA,NA,WA/OR
92,92.2,Saildrone,NA,-125.278201,45.821321,1,9.5,survey,53.31453274305399,5435.81031215243,NA,NA,NA,WA/OR
92,92.1,Saildrone,NA,-124.007584,45.829957,1,10,transit,10.099211888501289,5445.909524040931,NA,NA,NA,WA/OR
93,93.1,Saildrone,NA,-124.021218,45.997963,1,9.5,survey,58.34459178801053,5504.254115828941,NA,NA,NA,WA/OR
93,93.2,Saildrone,NA,-125.415873,45.987233,1,10,transit,10.041130067511572,5514.295245896453,NA,NA,NA,WA/OR
94,94.2,Saildrone,NA,-125.43401,46.154059,1,9.5,survey,55.30099159380174,5569.596237490255,NA,NA,NA,WA/OR
94,94.1,Saildrone,NA,-124.108123,46.162489,1,10,transit,10.59739623759741,5580.193633727852,NA,NA,NA,WA/OR
95,95.1,Saildrone,NA,-124.199051,46.3274,1,9.5,survey,44.16187383003573,5624.355507557888,NA,NA,NA,WA/OR
95,95.2,Saildrone,NA,-125.261094,46.322391,1,10,transit,10.582981885910156,5634.938489443798,NA,NA,NA,WA/OR
96,96.2,Saildrone,NA,-125.182627,46.490149,1,9.5,survey,41.031441209298904,5675.9699306530965,NA,NA,NA,WA/OR
96,96.1,Saildrone,NA,-124.192849,46.497081,1,10,transit,10.081183649364467,5686.051114302461,NA,NA,NA,WA/OR
97,97.1,Saildrone,NA,-124.202254,46.664911,1,9.5,survey,45.642221743061754,5731.693336045523,NA,NA,NA,WA/OR
97,97.2,Saildrone,NA,-125.306632,46.656449,1,10,transit,10.058915644002536,5741.752251689526,NA,NA,NA,WA/OR
98,98.2,Saildrone,NA,-125.32279,46.82366,1,9.5,survey,45.53886732797517,5787.291119017501,NA,NA,NA,WA/OR
98,98.1,Saildrone,NA,-124.217494,46.830618,1,10,transit,11.047978516693753,5798.3390975341945,NA,NA,NA,WA/OR
99,99.1,Saildrone,NA,-124.319268,47.000946,1,9.5,survey,50.060406217606214,5848.399503751801,NA,NA,NA,WA/OR
99,99.2,Saildrone,NA,-125.538047,46.98935,1,10,transit,19.593338388121435,5867.992842139923,NA,NA,NA,WA/OR
100,100.2,Saildrone,NA,-125.951036,47.153436,1,9.5,survey,65.91759484454174,5933.9104369844645,NA,NA,NA,WA/OR
100,100.1,Saildrone,NA,-124.341187,47.167212,1,10,transit,10.952762524411627,5944.863199508875,NA,NA,NA,WA/OR
101,101.1,Saildrone,NA,-124.446235,47.335062,1,9.5,survey,66.11984663719159,6010.983046146067,NA,NA,NA,WA/OR
101,101.2,Saildrone,NA,-126.066089,47.32,1,10,transit,10.862035418042586,6021.84508156411,NA,NA,NA,WA/OR
102,102.2,Saildrone,NA,-126.169608,47.486731,1,9.5,survey,66.77545588860882,6088.620537452719,NA,NA,NA,WA/OR
102,102.1,Saildrone,NA,-124.52851,47.498133,1,10,transit,10.44889715865345,6099.069434611372,NA,NA,NA,WA/OR
103,103.1,Saildrone,NA,-124.585643,47.667837,1,9.5,survey,66.87232864693016,6165.941763258303,NA,NA,NA,WA/OR
103,103.2,Saildrone,NA,-126.234358,47.653874,1,10,transit,10.66339858956567,6176.605161847868,NA,NA,NA,WA/OR
104,104.2,Saildrone,NA,-126.323998,47.820883,1,9.5,survey,65.71979601278888,6242.3249578606565,NA,NA,NA,WA/OR
104,104.1,Saildrone,NA,-124.698511,47.834345,1,10,transit,10.828946402490544,6253.1539042631475,NA,NA,NA,WA/OR
105,105.1,Saildrone,NA,-124.801393,48.00093,1,9.5,survey,63.515232360185685,6316.669136623333,NA,NA,NA,WA/OR
105,105.2,Saildrone,NA,-126.377421,47.988304,1,10,transit,10.263170834535641,6326.932307457869,NA,NA,NA,WA/OR
106,106.2,Saildrone,NA,-126.428035,48.155847,1,9.5,survey,65.57280029893163,6392.5051077568005,NA,NA,NA,WA/OR
106,106.1,Saildrone,NA,-124.795663,48.171762,1,10,transit,10.29356950672738,6402.798677263528,NA,NA,NA,WA/OR
107,107.1,Saildrone,NA,-124.756356,48.341184,1,9.5,survey,75.53134660920098,6478.330023872729,NA,NA,NA,WA/OR
107,107.2,Saildrone,NA,-126.642788,48.321951,1,10,transit,11.674493304743578,6490.004517177472,NA,NA,NA,WA/OR
108,108.2,Saildrone,NA,-126.792929,48.488722,1,9.5,survey,82.14217790307464,6572.146695080547,NA,NA,NA,Vancouver Is.
108,108.1,Saildrone,NA,-124.734621,48.508368,1,10,transit,32.20407911872464,6604.350774199272,NA,NA,NA,Vancouver Is.
112,112.2,Saildrone,NA,-125.53432,48.584072,1,9.5,survey,16.5741284097226,6620.924902608994,NA,NA,NA,Vancouver Is.
112,112.1,Saildrone,NA,-125.265971,48.79532,1,10,transit,10.108563590796638,6631.03346619979,NA,NA,NA,Vancouver Is.
113,113.1,Saildrone,NA,-125.491864,48.873433,1,9.5,survey,22.928827081976568,6653.962293281767,NA,NA,NA,Vancouver Is.
113,113.2,Saildrone,NA,-125.862917,48.580936,1,10,transit,13.130391311243226,6667.092684593011,NA,NA,NA,Vancouver Is.
114,114.2,Saildrone,NA,-126.192451,48.577791,1,9.5,survey,30.651315208154024,6697.743999801164,NA,NA,NA,Vancouver Is.
114,114.1,Saildrone,NA,-125.69445,48.967951,1,10,transit,12.00467225072671,6709.748672051891,NA,NA,NA,Vancouver Is.
115,115.1,Saildrone,NA,-125.996502,48.988816,1,9.5,survey,32.478759855282064,6742.227431907173,NA,NA,NA,Vancouver Is.
115,115.2,Saildrone,NA,-126.522923,48.574636,1,10,transit,13.206903480180843,6755.434335387355,NA,NA,NA,Vancouver Is.
116,116.2,Saildrone,NA,-126.854336,48.571473,1,9.5,survey,45.79556508784103,6801.229900475195,NA,NA,NA,Vancouver Is.
116,116.1,Saildrone,NA,-126.11212,49.156167,1,10,transit,10.447233196095004,6811.67713367129,NA,NA,NA,Vancouver Is.
117,117.1,Saildrone,NA,-126.356001,49.224842,1,9.5,survey,41.103956622560915,6852.781090293851,NA,NA,NA,Vancouver Is.
117,117.2,Saildrone,NA,-127.019933,48.698112,1,10,transit,10.435875628322197,6863.216965922174,NA,NA,NA,Vancouver Is.
118,118.2,Saildrone,NA,-127.165151,48.842997,1,9.5,survey,38.01106132055865,6901.228027242732,NA,NA,NA,Vancouver Is.
118,118.1,Saildrone,NA,-126.557493,49.334332,1,10,transit,9.067614588670931,6910.2956418314025,NA,NA,NA,Vancouver Is.
119,119.1,Saildrone,NA,-126.758185,49.409329,1,9.5,survey,32.21220290620645,6942.507844737609,NA,NA,NA,Vancouver Is.
119,119.2,Saildrone,NA,-127.288348,49.000583,1,10,transit,10.12735300476775,6952.635197742377,NA,NA,NA,Vancouver Is.
120,120.2,Saildrone,NA,-127.513128,49.081863,1,9.5,survey,0,6952.635197742377,NA,NA,NA,Vancouver Is.
120,120.2,Saildrone,NA,-127.513128,49.081863,1,9.5,survey,39.32563036981112,6991.960828112188,NA,NA,NA,Vancouver Is.
120,120.1,Saildrone,NA,-126.871388,49.584814,1,10,transit,10.77237959404463,7002.733207706233,NA,NA,NA,Vancouver Is.
121,121.1,Saildrone,NA,-127.003131,49.742492,1,9.5,survey,42.62607228800191,7045.359279994234,NA,NA,NA,Vancouver Is.
121,121.2,Saildrone,NA,-127.693432,49.193462,1,10,transit,11.217038838622882,7056.576318832857,NA,NA,NA,Vancouver Is.
122,122.2,Saildrone,NA,-127.808212,49.364493,1,9.5,survey,35.83498514480191,7092.411303977659,NA,NA,NA,Vancouver Is.
122,122.1,Saildrone,NA,-127.215214,49.819977,1,10,transit,10.311420790774351,7102.722724768434,NA,NA,NA,Vancouver Is.
123,123.1,Saildrone,NA,-127.39733,49.944999,1,9.5,survey,35.3479106731217,7138.070635441556,NA,NA,NA,Vancouver Is.
123,123.2,Saildrone,NA,-127.975163,49.491048,1,10,transit,9.951838374712178,7148.022473816268,NA,NA,NA,Vancouver Is.
124,124.2,Saildrone,NA,-128.185288,49.584652,1,9.5,survey,35.13973645081713,7183.162210267085,NA,NA,NA,Vancouver Is.
124,124.1,Saildrone,NA,-127.602009,50.031718,1,10,transit,10.699159983074564,7193.86137025016,NA,NA,NA,Vancouver Is.
125,125.1,Saildrone,NA,-127.867013,50.082971,1,9.5,survey,35.280489116269344,7229.141859366428,NA,NA,NA,Vancouver Is.
125,125.2,Saildrone,NA,-128.453378,49.634195,1,10,transit,10.474836526867572,7239.616695893296,NA,NA,NA,Vancouver Is.
126,126.2,Saildrone,NA,-128.590512,49.784239,1,9.5,survey,34.94796403602145,7274.564659929318,NA,NA,NA,Vancouver Is.
126,126.1,Saildrone,NA,-128.008445,50.229075,1,10,transit,12.878442817955484,7287.443102747274,NA,NA,NA,Vancouver Is.
127,127.1,Saildrone,NA,-128.063354,50.440593,1,9.5,survey,37.72002878665862,7325.163131533932,NA,NA,NA,Vancouver Is.
127,127.2,Saildrone,NA,-128.693666,49.960237,1,10,transit,9.910924383918497,7335.07405591785,NA,NA,NA,Vancouver Is.
128,128.2,Saildrone,NA,-128.901897,50.056271,1,9.5,survey,38.1476768590187,7373.221732776869,NA,NA,NA,Vancouver Is.
128,128.1,Saildrone,NA,-128.259313,50.539993,1,10,transit,10.687893161386667,7383.909625938256,NA,NA,NA,Vancouver Is.
129,129.1,Saildrone,NA,-128.419988,50.68563,1,9.5,survey,41.44197399544652,7425.351599933702,NA,NA,NA,Vancouver Is.
129,129.2,Saildrone,NA,-129.11225,50.156044,1,10,transit,9.67802693869511,7435.029626872398,NA,NA,NA,Vancouver Is.
130,130.2,Saildrone,NA,-129.301934,50.261621,1,9.5,survey,37.59819088718052,7472.627817759578,NA,NA,NA,Vancouver Is.
130,130.1,Saildrone,NA,-128.669559,50.740336,1,9.5,survey,0,7472.627817759578,NA,NA,NA,Vancouver Is.
